level,cluster_id,size,rep_index,parent_level,parent_cluster_id,children_cluster_ids,rep_cellID,rep_umap2_x,rep_umap2_y,rep_umap3_x,rep_umap3_y,rep_umap3_z,rep_X_centroid,rep_Y_centroid
0,0,72055,18,-1,-1,"0,1,2",18,3.7210326,8.429682,3.884781,1.9944324,10.225052,160,160
1,0,24122,42071,0,0,"1,3",42071,7.982964,7.6834145,7.4308476,1.9518948,8.503025,11208,12204
1,1,25793,61578,0,0,"4,5",61578,3.2805598,10.359156,3.342997,0.24996015,10.717883,18948,17312
1,2,22140,50349,0,0,"0,2",50349,-0.38025302,6.992416,0.01819592,2.7049634,8.909243,17248,14388
2,0,11339,71160,1,2,8,71160,-1.4760588,6.172426,-0.9439444,3.4333398,8.725894,13392,20364
2,1,11323,42427,1,0,9,42427,6.3590007,9.919153,6.083896,0.38964897,10.019531,13072,12140
2,2,10913,42104,1,2,"3,7",42104,0.2970587,9.278674,0.6514364,0.6481266,9.48172,11400,12332
2,3,14174,22518,1,0,"1,5",22518,9.10108,7.0898743,8.578964,2.4318879,8.966963,4592,6840
2,4,12878,33368,1,1,"0,4,6",33368,3.6841266,7.1303387,3.6322322,2.6244202,8.784934,1732,10020
2,5,11428,35568,1,1,2,35568,2.9969728,11.478791,3.039652,-0.5508051,11.336103,14936,9956
3,0,8064,23547,2,4,4,23547,1.7965747,6.6225038,1.9952033,3.294065,9.396048,10888,6584
3,1,8233,17981,2,3,"0,7",17981,8.705908,8.222535,7.9952836,1.4978284,8.791792,864,5524
3,2,6326,185,2,5,12,185,3.458468,12.077046,3.441446,-1.4136348,10.938544,736,864
3,3,6523,47419,2,2,1,47419,-0.94372183,8.363333,-0.30302387,2.2588842,10.225261,800,14516
3,4,7739,42759,2,4,6,42759,3.6964738,9.19932,3.7856834,0.60946184,9.111998,15384,11884
3,5,5879,183,2,3,13,183,9.869876,6.0699415,9.493698,3.0743563,9.858049,608,864
3,6,8012,68552,2,4,5,68552,5.6766562,7.108635,5.540991,2.7539668,9.006407,18820,19752
3,7,7443,20278,2,2,"8,9",20278,0.9536879,10.601784,1.2060035,-0.077060044,10.73842,12752,5908
3,8,7262,70245,2,0,"2,11",70245,-2.0103676,5.803394,-1.5004606,3.9556148,9.149194,7160,20940
3,9,6574,44170,2,1,"3,10,14",44170,6.501709,10.692895,6.1152134,-0.44838986,10.012867,1860,12944
4,0,5224,28695,3,1,,28695,9.717028,8.168298,9.019361,1.3976194,8.980268,19752,7516
4,1,4743,61097,3,3,,61097,-1.3623928,8.672057,-0.87886477,1.5473478,9.854916,15256,17568
4,2,4991,11711,3,8,,11711,-0.3498355,5.940391,0.048676357,3.6852186,8.728981,4656,3788
4,3,5190,71353,3,9,,71353,5.3786817,10.527037,5.1944737,0.14746344,10.807741,14644,20300
4,4,4962,26845,3,0,,26845,2.3585486,6.430396,2.5661254,3.2466812,8.995679,8768,7580
4,5,5777,59185,3,6,,59185,4.9142866,7.121191,4.8957033,2.473296,8.82395,3532,17312
4,6,5838,25817,3,4,,25817,3.3316112,9.377848,3.3768988,0.7210244,9.853992,2664,7836
4,7,4960,52013,3,1,,52013,7.5351086,7.002142,7.3071856,2.619706,8.930447,4656,15256
4,8,5134,5125,3,7,,5125,0.996382,8.606745,1.2739607,1.6540117,9.824087,11272,1348
4,9,5426,9823,3,7,,9823,0.92965025,11.1776085,1.4325051,-0.8631278,10.168835,15448,2472
4,10,5216,43782,3,9,,43782,7.086495,9.136034,6.5114822,0.6932751,8.805401,20620,12460
4,11,4371,9153,3,8,,9153,-2.765106,5.825813,-2.300034,3.8583922,8.799202,10696,2920
4,12,5186,49405,3,2,,49405,3.4358473,12.208247,3.4553723,-0.8645318,11.908507,11692,14324
4,13,3964,64370,3,5,,64370,10.036841,5.6876507,9.712955,3.3082604,10.130477,14580,18628
4,14,1073,51624,3,9,,51624,7.980791,12.925378,3.8900208,-0.15353186,6.7653966,2728,15192
